,original,predicted
0,100,95.65516972398495
1,76,72.54287027916969
2,74,72.9468211220947
3,86,88.67160884975264
4,76,79.76768454755408
5,64,69.01801198973406
